Input,Output
HHHFDCA99988777655444333332221111100000,2-9-7-6-1
HHHGEDBAA998866555444443322221111100000,0-2-3-8-3
HHHHFECBBAA9776665555533322222111100000,0-9-5-0-6
HHHHGFDCCBB8877666644433333222211100000,8-7-8-B-0
HHHHHGEDDC87777555444443333222111100000,4-5-7-H-D
HHHHHFED9888665555444433322221111100000,6-4-3-E-2
HHHHHGEA9997666655544333222221111100000,3-6-0-9-G
HHHHHGEA9997666655544333222221111100000,3-6-0-9-G
HHHHHFBAA877766655443333322222111100000,7-5-0-3-7
HHHHHGCBB987776554444333332222111100000,3-4-4-G-2
HHHHHDCCA988876655444433322221111100000,8-6-3-4-2
HHHHHEDDBA99876655544333222221111100000,5-0-3-3-1
HHHHHFEECBAA987766554333332222111100000,9-2-4-7-3
HHHHHGFFDCBB987766444433322221111100000,6-H-H-4-6
HHHHHGFFDCBB987766444433322221111100000,6-H-H-4-6
HHHHGGEDCCA9885554443333222221111100000,0-H-H-A-3
HHHHFEDDA996665554443333322222111100000,9-0-E-2-H
HHHGEEBA7776665554444433332222111100000,6-0-3-1-2
HHHHFFCB8887766655555444333222111100000,7-2-4-1-1
HHHHGGDC9998777666665544433221111100000,1-1-1-5-1
HHHHHHEDAAA9888777776555443321111100000,7-H-4-A-7
HHHHHHEDAAA9888777776555443321111100000,7-H-4-A-7
HHHHHFEBBA99988876665443222221111100000,2-F-B-1-4
HHHHHFCBAAA9998777654333322221111100000,2-5-B-2-A
HHHHHGDBBAAA988875444433222221111100000,1-A-1-0-G
HHHHHECCBBA9998655554433333222111100000,3-A-2-9-2
HHHHHFDDCCAA976666554444322221111100000,0-D-H-7-9
HHHHGEDDBB77776655554333322222111100000,D-1-7-5-H
HHHHGEDDBB77776655554333322222111100000,D-1-7-5-H
HHHHFECC8887766654444333332221111100000,0-8-0-3-2
HHHHGFDD9988777655554444332222211100000,2-1-F-0-3
HHHHHEEAA998887666655554333322111100000,4-6-0-8-3
HHHHHFFBBAA9987776666444332222111100000,0-4-3-A-6
HHHHHGGCCBAA988877755433332222111100000,5-H-0-1-2
HHHHHHDDCBBA999888654444333222111100000,H-1-0-2-H
HHHHHHDDCBBA999888654444333222111100000,H-1-0-2-H
HHHHEEDCCBAAA99976555544433222111100000,3-E-5-H-D
HHHFDDCBBBAAA87666555433322221111100000,1-D-H-A-3
HHGEDCCCBB98777666544333322221111100000,3-C-1-D-4
HHHFDDCCA988877765444333322221111100000,2-3-C-A-0
HHHGEEDA9998887655544433322222111100000,1-E-0-2-E
HHHHEBAAA999876665554443333222111100000,0-E-0-H-2
HHHHEBAAA999876665554443333222111100000,0-E-0-H-2
HHHCBBBAAA98777666555444433222211100000,1-0-6-6-1
HHHDCCCBBBA9888766655554433332111100000,H-9-4-4-0
HHEDDDCCCB99987776666444432222111100000,2-E-1-6-4
HHEEEDDDCAAA988877755543332221111100000,0-2-5-0-7
HHFFFEEEDBBBA99988665444332222211100000,E-B-H-A-4
HGGGFFECCAAA997765544333332221111100000,3-7-A-0-0
HGGGFFECCAAA997765544333332221111100000,3-7-A-0-0
HHHHGGFDDBBAA87665544443332222211100000,7-B-3-A-5
HHHHHHGEECB9776555544333332221111100000,1-4-0-5-H
HHHHHHFFDCA8876665444443332222111100000,6-4-3-3-0
HHHHHHGGEDB9987765555433332222111100000,6-H-0-E-9
HHHHHHHECA98866665444433332222111100000,0-6-0-5-4
HHHHHHHFDBA9977755544443333222211100000,1-A-2-0-7
HHHHHHHFDBA9977755544443333222211100000,1-A-2-0-7
HHHHHHHGECAA886665555444433322111100000,8-0-H-5-H
HHHHHHFDBB97776665555444332222111100000,9-H-5-B-1
HHHHHGEC8887776665554433332221111100000,0-0-H-2-7
HHHHHFD99988777666554444332222211100000,3-1-4-2-0
HHHHHGEAAA99888777665554333322111100000,3-1-H-6-0
HHHHHFBBBAA9998887666544433222111100000,2-H-0-2-H
HHHHHFBBBAA9998887666544433222111100000,2-H-0-2-H
HHHGCCCBBAAA999877765554432222111100000,1-0-4-H-9
HHHDDDCCBBBAA98887666543333222111100000,8-2-5-7-H
HHEEEDDCCCBBA99777544443322221111100000,2-2-9-A-0
HHFFFEEDDDCCA88865555443322222111100000,1-8-1-F-6
HHGGFFEEEDDB996666554433333221111100000,6-0-H-3-1
HHHGGFFFEECAA77766554444332222111100000,E-0-4-G-7
HHHGGFFFEECAA77766554444332222111100000,E-0-4-G-7
HHHHGGGFDBB8877665554433332222111100000,D-5-6-2-7
HHHHHHHGCC99876655444433322221111100000,H-2-2-4-2
HHHHHHHDDAA9877665554443222221111100000,2-8-5-H-2
HHHHHHEEBBA8877665554333222221111100000,0-0-B-3-2
HHHHHHFFCB99887766654433332222211100000,1-9-0-4-8
HHHHHHGGDCA9887776544443333322111100000,H-G-0-7-5
HHHHHHGGDCA9887776544443333322111100000,H-G-0-7-5
HHHHHHEDBA99887555544444332222111100000,9-0-1-H-E
HHHHHECBA998666655555443333222111100000,9-5-E-3-1
HHHHHDCBA977776666554443332221111100000,D-2-A-3-5
HHHHHDCA8888777765554433222221111100000,6-8-2-2-0
HHHHHEDB9998888666554433322222111100000,6-6-8-0-H
HHHHFECAAA99976655444333332222111100000,H-3-6-H-3
HHHHFECAAA99976655444333332222111100000,H-3-6-H-3
HHGFDBBBAAA8766555444333322221111100000,7-B-A-2-4
HHHGECCBB977666554444333222221111100000,0-6-0-3-1
HHHHFDDCCA88776655554433333222211100000,1-8-H-4-H
HHGEEDDB9887766665444443333221111100000,3-1-1-3-H
HHFFEECA9988777765555544332221111100000,0-5-F-F-3
HHFFDBAA9988887666655433322222111100000,8-0-0-B-H
HHFFDBAA9988887666655433322222111100000,8-0-0-B-H
HGGEBBAA9998777766544433333222211100000,2-3-1-3-E
HHHCCBBAAA98888776555444333221111100000,C-5-7-2-0
HHHDCCBBBA99998766555444322222111100000,B-2-D-0-2
HHHDDCCBAAAA987766655543332222111100000,3-5-H-1-A
HHEEDDCBBBA9887776654433332221111100000,0-4-E-2-0
HHFEEDCCCBA9988877654444332222211100000,4-8-0-4-1
HHFEEDCCCBA9988877654444332222211100000,4-8-0-4-1
HHGFFEDDDCBAA99887655443333322111100000,6-2-B-4-F
HHHGFEEEDBBAA99866544444322221111100000,0-4-8-0-E
HHHHGFFECCBBAA7765555433332222211100000,1-2-0-3-A
HHHHHGGFDDCCB88766665444333322111100000,0-3-6-H-F
HHHHHHEEDDC9987776555444332222111100000,3-E-0-6-2
HHHHHHFEEDAA988866655543332222111100000,0-H-H-2-0
HHHHHHFEEDAA988866655543332222111100000,0-H-H-2-0
HHHHGFFEBBA9997776665444333222211100000,G-H-2-3-9
HHHGGFCCBAA8887776555443332221111100000,A-8-0-G-A
HHHHGDDC9988876665544433322222111100000,8-6-2-2-D
HHHHHEDAA998776655544433322221111100000,3-E-H-9-0
HHHHEBBA9887766655544333322222111100000,H-0-E-B-7
HHHCBA998777666554444333332222111100000,0-1-3-H-3
HHHCBA998777666554444333332222111100000,0-1-3-H-3
HHDCBAA98887776655554443333222111100000,5-0-9-3-5
HHEDCBB99988877665554443332222111100000,0-3-8-H-2
HFEDCCAAA998877666555443332222111100000,2-2-0-2-3
HGFEDDBBBAA9988777666554432222111100000,2-2-G-0-6
HGFEECCCBBAA998887766554332222111100000,3-4-A-2-9
HHGFFDDDCCBA999887766433322221111100000,0-H-1-C-4
HHGFFDDDCCBA999887766433322221111100000,0-H-1-C-4
HHGGEEEDCBAAA99887744433332222111100000,2-H-3-0-1
HHHFFFEDCBBBAA9988555444333222111100000,2-2-B-C-F
HHHGGFECCBBAA99666555444322221111100000,H-6-B-C-0
HHHHGFDCBBAA776665554333322222111100000,B-H-1-2-B
HHHHGEDBB887776665444433332221111100000,2-1-4-5-0
HHHHHFECC998887775554444332222111100000,8-3-H-1-7
HHHHHFECC998887775554444332222111100000,8-3-H-1-7
HHHHGFDDAA99886665555433332221111100000,0-9-2-0-1
HHHHHGEEBBA9977766665444433222211100000,H-G-7-H-4
HHHHHGEEBBA9977766665444433222211100000,H-G-7-H-4
HHHFFCCBAA88777765554433332221111100000,2-F-2-7-7
HHHGDDCBB998876665544443222221111100000,9-2-H-9-6
HHHEEDCC9987766555543333222221111100000,5-2-H-C-4
HHFFEDAA9887766644443333222221111100000,6-0-9-H-7
HHFFEDAA9887766644443333222221111100000,6-0-9-H-7
HGGFEBB99877555544443333322222111100000,1-4-G-1-3
HHGFCCAA9886666555444433333221111100000,2-4-H-8-6
HHGDDBBA9777666555444443222221111100000,0-6-4-5-9
HHHEECCB8887766555543333322222111100000,1-8-7-7-1
HHHFFDDC9977666654444433333221111100000,0-F-3-D-6
HHHGEDAA8877765555544443322222111100000,2-6-8-1-G
HHHGEDAA8877765555544443322222111100000,2-6-8-1-G
HHHFEBB98886666655554433332221111100000,5-8-3-4-3
HHHGFCCA9977777666544333222221111100000,7-C-1-H-9
HHHGDBA88887776554443333322221111100000,D-2-6-7-0
HHHHCB999988665554444433322222111100000,2-9-C-H-6
HHHCAAA99766655555444333322221111100000,7-2-6-1-H
HHDBBBAA7766666555444433322221111100000,0-4-6-7-H
HHDBBBAA7766666555444433322221111100000,0-4-6-7-H
HECCCBB87777666555444333322222111100000,C-6-2-7-7
HFDDCC988776665554444333322221111100000,6-4-D-F-1
HEDDA9988776665554444333322221111100000,7-7-4-6-1
HFEEBAA99776665554444333322221111100000,1-E-0-2-7
HGFCBBAA8777666555544443332222111100000,C-0-0-8-6
HHGCCBB88877666655554443333222211100000,1-5-0-0-8
HHGCCBB88877666655554443333222211100000,1-5-0-0-8
HHHDDCC99887777666555444433332211100000,C-0-H-2-4
HHEEDAA99888877766655544443222111100000,8-0-5-1-0
HHFFEBBAA999888777665555433322211100000,0-5-3-0-5
HHGGFCCBBAAA999888776654433322211100000,B-2-4-9-4
HHHHGDDCBBBAA99988776444332221111100000,0-B-4-2-2
HHHHHEEDCCBBAAA998875544322222111100000,7-C-A-E-B
HHHHHEEDCCBBAAA998875544322222111100000,7-C-A-E-B
HHHHHFEDCBBAA99665543333322221111100000,3-2-A-0-B
HHHHHGFEDCBAA77665444433322222111100000,2-D-3-1-1
HHHHHHGFDCBB887765555443333221111100000,2-5-5-5-1
HHHHHHHGEDCC998876554444322221111100000,0-G-5-1-2
HHHHHHHFEDDAA99876555543332222111100000,H-5-A-1-2
HHHHHHGFEEBAA98766654443332221111100000,2-4-H-4-6
HHHHHHGFEEBAA98766654443332221111100000,2-4-H-4-6
HHHHHHGFFCBBA98776544433222221111100000,4-0-3-3-B
HHHHHHHGGDCBA98876553333322222111100000,1-G-2-B-8
HHHHHHHHEDBA987664444433332221111100000,4-7-D-H-H
HHHHHHFCBA97755554444333222221111100000,5-9-H-0-7
HHHHHGDCB866655554443333322222111100000,2-H-H-2-4
HHHHEDC97776666554444433322221111100000,H-9-3-3-2
HHHHEDC97776666554444433322221111100000,H-9-3-3-2
HHHFED888777766555554333222221111100000,7-H-0-5-D
HHGF99988877666654443333322222111100000,0-9-2-3-2
HHHGAA999887777655544443332222111100000,3-H-0-3-6
HHHBBAAA9988886665555433332222111100000,8-6-0-A-0
HHHCCBBAA999776666544443333222211100000,0-7-B-0-3
HHHDDCBBAAA8777765555444333322211100000,4-7-3-0-3
HHHDDCBBAAA8777765555444333322211100000,4-7-3-0-3
HHHEEDCCBBB9888766665544333222111100000,5-4-2-2-5
HHHFFEDDCCCA999877775444322221111100000,0-1-A-1-2
HHHGGFEEDDDAAA9888865554333222111100000,6-H-1-1-0
HHHHGFFEEEBBBA9999666544433322111100000,4-2-E-H-0
HHHHGGFFCCCBAAAA77765544432222111100000,C-1-1-7-0
HHHHHHGGDDCBBBB887665554333322111100000,3-H-H-3-B
HHHHHHGGDDCBBBB887665554333322111100000,3-H-H-3-B
HHHHHHEEDCCC998776665443322221111100000,8-E-1-9-H
HHHHHFEDDDA8877765544333322221111100000,3-D-1-5-8
HHHHHGFEEB98887655444333322221111100000,1-8-2-H-B
HHHHHGFFA998766555444433322221111100000,4-5-0-2-0
HHHHHHGGBAA9877665554443332222211100000,5-3-0-6-H
HHHHHHHCBBA9887665554433333222111100000,0-2-4-B-H
HHHHHHHCBBA9887665554433333222111100000,0-2-4-B-H
HHHHHHDCBA99877666544444332222111100000,9-0-C-1-0
HHHHHHECBA98877765555544333322211100000,0-1-1-7-C
HHHHHHFCBA99887666665544443332111100000,H-5-6-6-5
HHHHHGDCBAA9987775555444322221111100000,9-H-5-H-5
HHHHEDCBBA98886655543333222221111100000,2-E-8-5-C
HHHHECCBA997766544443333222221111100000,C-C-5-7-1
HHHHECCBA997766544443333222221111100000,C-C-5-7-1
HHHHFCBAA877555544443333322221111100000,C-H-3-5-5
HHHGCBB98866555544443333222221111100000,0-4-H-2-1
HHHDCCA99776666555444433332222111100000,1-1-4-D-3
HHHDDBAA8877776665554443333221111100000,1-0-4-3-H
HHEECBB99888877766655444332222111100000,1-4-E-7-0
HHFDCCAA9999887776655443333222111100000,9-C-8-3-1
HHFDCCAA9999887776655443333222111100000,9-C-8-3-1
HHGEDBBAAA98887766554443332221111100000,8-G-4-1-7
HHFECCBBBA99877665544433322221111100000,6-E-4-1-3
HHGDDCCCBAA9887665544333322221111100000,C-1-4-3-C
HHHEEDCBBA99877665444333322221111100000,1-0-D-2-4
HHHFFDCCBAA9887765544443332222111100000,0-3-A-1-9
HHHGGEDDCB99887665555443333222111100000,8-H-6-1-5
HHHGGEDDCB99887665555443333222111100000,8-H-6-1-5
HHHHFEEDCAA9876665544443332221111100000,4-0-D-0-2
HHHHGFFDBBA9877766555444332222211100000,4-4-G-H-4
HHHGGECCBA98887766644333332221111100000,A-8-1-4-8
HHHHHFDDCA98877754444433322221111100000,4-1-2-4-8
HHHHHGEEDBA9888655544433322221111100000,2-E-H-1-8
HHHHHFECBA99766655544433322221111100000,1-4-0-2-9
HHHHHFECBA99766655544433322221111100000,1-4-0-2-9
HHHHHGFDCBA8777666554443332222111100000,1-2-4-5-H
HHHHHGEDCB98887776554443332221111100000,7-0-2-6-7
HHHHHHFEDCA9998665554443322222111100000,H-3-1-0-H
HHHHGFEDBAAA977666555433333222111100000,5-7-4-H-2
HHHHGFECBBBA877766444443322221111100000,F-1-2-6-0
HHHHHFDCCCB9888755555443332222111100000,2-H-1-H-0
HHHHHFDCCCB9888755555443332222111100000,2-H-1-H-0
HHHGEDDDCA99986666655444333222111100000,6-0-6-D-0
HHHHFEEDBAAA977766555444333222211100000,5-2-D-6-9
HHHHGFFCBBB8887665554443332221111100000,6-3-8-B-5
HHHHHGGDCC99876655544333222221111100000,3-8-H-3-7
HHHHHHEDDAA7766655433333222221111100000,7-6-6-1-H
HHHHHFEEBB87665444443333322221111100000,3-2-4-F-3
HHHHHFEEBB87665444443333322221111100000,3-2-4-F-3
HHHHHFFCC987765555444333222221111100000,7-5-1-1-H
HHHHGGDDA987666555444333332221111100000,H-0-1-6-5
HHHHHEEBA987766555444443332222111100000,4-2-4-B-0
HHHHHFFBA988776665554443332222111100000,0-2-6-0-4
HHHHHGGCBA99887766655444333222211100000,0-6-8-H-3
HHHHHHDCBAA9887766555443333222111100000,3-7-H-3-3
HHHHHHDCBAA9887766555443333222111100000,3-7-H-3-3
HHHHHEDCBBA9987766655433322221111100000,B-1-7-A-0
HHHHHFEDCAA9877766544433332222111100000,2-H-1-0-2
HHHHGFEDBBA9888776555444433222111100000,B-4-2-7-B
HHHHHGFEBA99987666555443322221111100000,H-0-2-1-9
HHHHHGFCBAA9877766655443332222111100000,G-3-0-H-1
HHHHGDCBBA98887776655443333222111100000,B-A-1-7-H
HHHHGDCBBA98887776655443333222111100000,B-A-1-7-H
HHHHEDCA9998877665544443332221111100000,2-2-1-7-0
HHHHFEDBAAA9987766555544432222111100000,A-7-0-5-9
HHHHGFECBBA9877666555433332222111100000,5-3-C-H-4
HHHHGFCCBA98877766444333322221111100000,3-C-6-G-2
HHHHGDCBA998887555444333222221111100000,3-2-H-2-5
HHHHEDCBAA99986655544333222221111100000,4-0-1-1-3
HHHHEDCBAA99986655544333222221111100000,4-0-1-1-3
HHHHFEDCBBAAA97766654433333222111100000,E-A-0-2-F
HHHHEDCCBBA8877765544444332222111100000,H-7-8-C-4
HHHFEDCCB988766555544333322221111100000,1-1-1-3-F
HHHFEDDCA998776666554443333221111100000,H-9-1-0-2
HHGFEEDBA988777766555444432222111100000,1-2-0-5-A
HHHGFFECA998888776655554333222111100000,2-5-G-C-5
HHHGFFECA998888776655554333222111100000,2-5-G-C-5
HHHGGFBAA999988776654443322221111100000,1-H-2-5-0
HHHHGCBBAAAA998877555443332222111100000,H-0-3-G-H
HHDCCBBBBAA9988666554433332222111100000,0-B-C-8-2
HHEDCCCBBAA9777665544443332222111100000,4-H-5-0-0
HFEDDDCCBBA8887765554443333222211100000,C-D-1-0-0
HGFEEDCCB999887666555444433332211100000,6-9-2-H-3
HGFEEDCCB999887666555444433332211100000,6-9-2-H-3
HGFFEDDCAA99877666555544432221111100000,D-1-7-4-9
HHGGFEDBBA98777666655433322221111100000,2-0-D-E-0
HHHHGCCBA988877776654443332222211100000,2-3-6-7-C
HHHHHDCBA999888765554433332221111100000,B-3-8-1-0
HHHHHEDBAAA9987666554443332222111100000,4-0-1-2-H
HHHHFECBBBAA987776655444333222111100000,E-6-6-4-A
HHHHFECBBBAA987776655444333222111100000,E-6-6-4-A
HHHHGDCCCBA9888665544433322221111100000,D-2-4-1-5
HHHHHDDDCBA9997765544433322221111100000,9-0-C-H-0
HHHHEEECBAA8876655544433332222211100000,2-4-0-5-B
HHHHFFFDBB99877665544443333222111100000,8-D-F-H-6
HHHGGCCAA887665555444433322221111100000,A-2-1-H-1
HHHHDDB99877666655554443332221111100000,8-1-1-6-H
HHHHDDB99877666655554443332221111100000,8-1-1-6-H
HHHEECAA8877766665554443332221111100000,4-2-A-C-4
HHHFFB998887777666544433222221111100000,9-7-4-2-2
HHHGGCA99988877765544333222221111100000,A-H-1-9-5
HHHHDAA99988876554443333322221111100000,0-0-4-4-2
HHHHEBBAAA99987665444443332222211100000,3-4-B-A-9
HHHHFCBBAA98776555544333332221111100000,H-F-0-1-5
HHHHFCBBAA98776555544333332221111100000,H-F-0-1-5
HHHDCCBBA988766655444443332222111100000,2-C-2-6-6
HHHEDCCBA998766555554443322221111100000,4-1-6-1-2
HHHFEDDCBAA9876666655443332221111100000,6-H-C-E-3
HHGEECBBA987777665544333222221111100000,1-9-1-8-7
HHHFFDCCB888776655444333332221111100000,8-0-F-7-6
HHHGEDDC9987665554444433322222111100000,0-0-E-H-2
HHHGEDDC9987665554444433322222111100000,0-0-E-H-2
HHHEEDAA9877666555554443333222211100000,H-D-4-2-6
HHFFBBA98877666665544443332221111100000,5-6-0-1-4
HHGGCCBA9988777765554443332222111100000,H-5-7-5-C
HHHDCBAA9988876555444333322221111100000,3-8-2-9-A
HHHEDCBA9987666555444333222221111100000,9-9-E-0-4
HHHEDCB98777666554443333322222111100000,0-5-9-0-2
HHHEDCB98777666554443333322222111100000,0-5-9-0-2
HHHFEDC98887776555444443333222211100000,4-6-0-2-3
HHHGFEDA9998886665555444333222111100000,8-0-H-8-4
HHHGFEBAAA97776666554443332222111100000,2-3-2-5-7
HHHHGFCBBBA8877776555443322221111100000,5-G-C-6-1
HHHHGCCCB998888665544333322221111100000,9-0-8-C-4
HHHHHDDCA999776654444333322222111100000,6-2-4-H-4
HHHHHDDCA999776654444333322222111100000,6-2-4-H-4
HHHHEEDBAAA8876554444333322221111100000,H-0-3-H-B
HHFFEBBB9987665555444333322222111100000,1-3-0-0-6
HHGGFCCCAA98766665554443333322211100000,9-2-0-1-H
HHHGDDDBB987777666555444443322111100000,8-5-G-2-1
HHHEEECCA888877766555554432221111100000,5-1-E-8-6
HHHFFDDB9998887666655433322221111100000,1-2-H-H-6
HHHFFDDB9998887666655433322221111100000,1-2-H-H-6
HGGEECAAA999877766544433322221111100000,9-3-1-3-4
HHHFFDBBBAA9888776554333322221111100000,B-8-2-F-1
HHHGECCBBA99887665444433322221111100000,0-H-8-7-4
HHHFDDCCBAA9776555444333322222111100000,A-0-1-A-0
HHHGEEDDCA88766655544443333322211100000,2-H-E-4-4
HHHFEEDB9987776665544444332221111100000,6-4-1-H-1
HHHFEEDB9987776665544444332221111100000,6-4-1-H-1
HHGFFECAA988877665555443332221111100000,6-E-0-0-5
HHHGGDBBA999887666554443332222211100000,0-6-H-9-2
HHHHECCBAA99877665554443333222111100000,5-0-1-3-1
HHHHFDDCBBAA988776655544433322111100000,5-3-4-6-1
HHHHGEEDCCBBA99887665544332221111100000,1-D-0-B-E
HHHHHFDDCBAA998776655443332222111100000,0-3-0-A-C
HHHHHFDDCBAA998776655443332222111100000,0-3-0-A-C
HHHHHGEECBAA988776655443333222211100000,2-1-4-0-0
HHHHHHFFDCBBA99887766544443332211100000,8-8-3-0-9
HHHHHHGGEDCCBA8877655554433222111100000,5-4-H-H-2
HHHHHHFEDDCB998876665443322221111100000,H-D-2-8-1
HHHHHGFEDCAA987776554433322221111100000,1-2-1-2-E
HHHHHHGEDBBA988876655444332221111100000,7-D-H-1-B
HHHHHHGEDBBA988876655444332221111100000,7-D-H-1-B
HHHHHHFCBA99977665554433322221111100000,0-7-6-F-C
HHHHHHCBAAA8766655444333322222111100000,1-0-H-7-0
HHHHHDCBBB97776655544443333322211100000,0-5-3-3-H
HHHHEDCCCA88877665555444333222111100000,0-C-H-6-H
HHFEDDB99988766665554443332222111100000,B-H-2-4-H
GFEEAAA99877776665544433322221111100000,9-6-1-0-A
GFEEAAA99877776665544433322221111100000,9-6-1-0-A
HGFFBBA98888776655544433332222111100000,8-0-8-2-3
HHGGCCBA9988776665554443332222111100000,3-H-H-5-1
HHDDCBAA9988777665554433332221111100000,8-7-0-0-1
HHEEDCBBAA98877666554444333222211100000,D-H-0-8-2
HFFDCCBBA988777665555444333222111100000,2-0-5-A-6
HGGEDDCCA998887666555444332222111100000,7-4-8-2-6
HGGEDDCCA998887666555444332222111100000,7-4-8-2-6
HHHFEEDDBAA9977666554433322221111100000,6-1-H-9-2
HHGFFEECBBA8877665544433322221111100000,0-2-2-5-6
HHHGGFFDCCB9988765554443322222111100000,2-1-1-0-H
HHHHGGEDDCAA998766655544333322111100000,6-3-1-5-4
HHHHHHFEEDBBAA9877665444332221111100000,9-1-7-H-1
HHHHHGFFECCBB98776555443332221111100000,0-H-H-0-5
HHHHHGFFECCBB98776555443332221111100000,0-H-H-0-5
HHHHGGFDDCCA988766554443332222211100000,0-1-6-1-2
HHHHHHGEEDDBA99876655544433332111100000,H-G-1-9-4
HHHHHFFEECBA987766655444432221111100000,1-9-4-8-C
HHHHHGGFFCB8877766555433322221111100000,F-F-2-5-0
HHHHHHHDC998887766544433322222111100000,C-8-2-4-3
HHHHHHHEAA99887765544333322221111100000,9-8-0-A-H
HHHHHHHEAA99887765544333322221111100000,9-8-0-A-H
HHHHHHFBA988766554444333322222111100000,H-1-1-2-0
HHHHHGCBA998776655554444333322111100000,H-0-3-7-2
HHHHHDCBAA98776666555544432222111100000,8-5-5-9-0
HHHHHEDCBB88777766555433332222111100000,3-7-3-2-1
HHHHHFEDCC99888776665443332221111100000,D-3-2-0-8
HHHHHGFDDAA9988777655443322222111100000,7-9-F-1-A
HHHHHGFDDAA9988777655443322222111100000,7-9-F-1-A
HHHHHHEEBA99887665544333332221111100000,0-8-B-3-H
HHHHHFFBAA98776655444433322222111100000,5-7-3-H-1
HHHHGGCBBA98776555544333332221111100000,B-G-1-3-3
HHHHHDCBA988766665544433322221111100000,6-D-2-0-C
HHHHHCBA9987776655544433322222111100000,1-4-0-2-1
HHHHHDCBAA98887766655444333322111100000,9-B-3-8-4
HHHHHDCBAA98887766655444333322111100000,9-B-3-8-4
HHHHHEDBB998877766554443322221111100000,B-0-5-7-8
HHHHHFECAA98877655544333322222111100000,2-0-0-0-H
HHHHGFDBBA99887666554444333322221100000,0-H-1-7-A
HHHHGECCAA99777665555444433332111100000,5-0-G-4-3
HHHHFDDBBAA8887766655544432222111100000,7-8-5-H-2
HHHGEECCBB99877766555433322221111100000,1-H-G-0-1
HHHGEECCBB99877766555433322221111100000,1-H-G-0-1
HHFFDDCCAA98887766654443333222111100000,A-F-7-2-H
HGEEDDBA9998777655544443322221111100000,4-0-1-1-5
HHFFEECBAAA9888766555443333222111100000,0-H-7-4-6
HGGFFDCBBBA9997666544443332222111100000,2-F-6-3-9
HHHGEDCCCBAA877655554433322221111100000,2-3-7-3-5
HHHHFEDDDCBB987666554333222221111100000,6-D-D-1-1
HHHHFEDDDCBB987666554333222221111100000,6-D-D-1-1
HHHHGFEDCCA9877665444333332221111100000,4-3-5-7-3
HHHHHGFEDDBA987755444333222221111100000,8-1-4-0-9
HHHHHHGFEECB886655444333332222111100000,3-2-3-E-H
HHHHHHGFDC99776655544433322221111100000,4-2-1-4-H
HHHHHHGEDAA8877666544433322221111100000,5-A-6-2-7
HHHHHHHFEB99877555444333222221111100000,5-3-1-5-2
HHHHHHHFEB99877555444333222221111100000,5-3-1-5-2
HHHHHHHGFCAA988655544333322221111100000,4-2-1-H-H
HHHHHHGDBBA9976665444433322221111100000,6-1-B-0-5
HHHHHHHECBAA877555544433332222111100000,7-3-1-2-4
HHHHHHHFDCBB986666554443332221111100000,3-4-B-2-0
HHHHHHHGEDCA977776655443322222111100000,2-5-H-0-C
HHHHHHHFEBA8888776554433332222111100000,3-0-5-4-0
HHHHHHHFEBA8888776554433332222111100000,3-0-5-4-0
HHHHHHHGFCB9999887654443333222211100000,4-2-8-1-9
HHHHHHHHGDCAAA9876554444333221111100000,1-5-0-0-5
HHHHHHHHHEDBBBA987555544433222211100000,1-5-H-4-H
HHHHHHHFECCCBA9866655443333221111100000,2-1-H-H-E
HHHHHGDDDCBA977766554444322221111100000,1-A-H-D-H
HHHHEEDCA888776655554333322221111100000,1-H-6-H-0
HHHHEEDCA888776655554333322221111100000,1-H-6-H-0
HHFFEDB99988766665444433332222111100000,9-1-0-8-6
HHGGFECAA987776555544443333222111100000,0-1-E-G-0
HHHGDBBA9888766665555444433322211100000,A-4-9-6-0
HHHHECC99987776666555444333222111100000,6-1-0-4-E
HHHHDDAAA988877766655444333222111100000,H-1-5-8-A
HHHEEBBA9988877765554443332221111100000,6-7-1-B-9
HHHEEBBA9988877765554443332221111100000,6-7-1-B-9
HHHFFCBA9998866655544433322221111100000,0-3-H-H-A
HGGDCAAA9977766655544333322222111100000,1-7-0-3-5
HHHEDBBBAA88777665544433333222111100000,1-A-2-6-0
HHHFECCCB998887665554444433222111100000,8-9-3-1-2
HHHGFDDDCA99877666555554332221111100000,2-9-F-D-3
HHHHEEDBA988777666665433222221111100000,2-6-0-A-2
HHHHEEDBA988777666665433222221111100000,2-6-0-A-2
HHHHFFECA998887777654433322222111100000,9-8-2-3-8
HHHHGGFDBA98888765544333322221111100000,H-1-3-G-6
HHHHGECBA999986655444333322221111100000,2-1-5-9-3
HHHHHFDCBAAA977655544433322221111100000,2-H-0-A-5
HHHHGEDCBBA8876655544433322222111100000,6-A-H-5-2
HHHHFEDCC998766555444333322221111100000,C-7-0-2-8
HHHHFEDCC998766555444333322221111100000,C-7-0-2-8
HHHHGFEDAA77666555444433322222111100000,1-3-0-4-2
HHHHHGFEBB88777666555443333222111100000,1-H-0-4-2
HHHHHGFCC998887776665444433222111100000,H-2-0-3-2
HHHHHGDDAA99988877765555432222111100000,6-9-A-0-2
HHHHHHEEBAA9998886666543332222111100000,H-8-6-A-9
HHHHHFFCBAA9977765444333322221111100000,7-A-H-0-3
HHHHHFFCBAA9977765444333322221111100000,7-A-H-0-3
HHHHGGDCBAA8876555444333322222111100000,1-0-2-B-1
HHHHHHEDBB99876665554444333322111100000,2-3-6-9-0
HHHHHHFECCA9877666555544432222111100000,1-0-0-4-2
HHHHHHGFDDBA988777666655433322211100000,0-0-H-6-B
HHHHHHGEEBA9988877766544433322211100000,0-G-9-0-9
HHHHHHFFCB99988877655544433322211100000,0-H-8-5-4
HHHHHHFFCB99988877655544433322211100000,0-H-8-5-4
HHHHHGGDCAAA998876655444333222111100000,H-1-4-H-0
HHHHHEDBBBAA998776655444333222111100000,2-A-0-0-4
HHHHHFECCCBAA98877665544433222211100000,A-4-3-H-5
HHHHGFDDDCBA998877655433332221111100000,8-H-0-H-0
HHHGEEEDCBAA988766544443332222211100000,0-2-1-E-0
HHHHFFEDCBBA998776555544433332211100000,4-D-F-1-4
HHHHFFEDCBBA998776555544433332211100000,4-D-F-1-4
HHHHGFDCCBAA988766665444433221111100000,1-1-1-2-H
HHHHGEDDCBBA998777765555443221111100000,H-G-1-7-9
HHHFEEDCCBA9888766665543322221111100000,8-C-0-5-B
HHHGFFEDBA99877776544333322222111100000,3-4-E-2-1
HHHHGGECBAA9888876544433332221111100000,3-6-5-7-C
HHHHHHFCBBA9999555444333222221111100000,0-2-H-F-1
HHHHHHFCBBA9999555444333222221111100000,0-2-H-F-1
HHHHHDCCBAAAA66655544433332222111100000,0-5-0-2-4
HHHHHEDDCBBBB77766554444333222211100000,5-3-2-6-1
HHHHHFEEDCCCC88876555544333221111100000,8-8-4-F-5
HHHHHFFEDDDD987666544433222221111100000,9-2-1-0-4
HHHHHGGFEEEE987776554433332222111100000,3-1-3-2-7
HHHHHHHGFFFFA98876655443332221111100000,3-6-3-2-1
HHHHHHHGFFFFA98876655443332221111100000,3-6-3-2-1
HHHHHHHHGGGGBA9987665543322221111100000,1-1-H-G-H
HHHHHHHHHCBAA98776654433332221111100000,H-9-H-6-1
HHHHHHHDCBB9887655444433322221111100000,0-4-4-1-H
HHHHHHEDCCA9987665544433332222111100000,4-1-7-C-1
HHHHHHFEDBAA977665544443333221111100000,3-A-H-H-E
HHHHGECBA887766555544433222221111100000,7-0-4-1-0
HHHHGECBA887766555544433222221111100000,7-0-4-1-0
HHHHHFDCB998776666554433333222211100000,D-3-6-3-2
HHHHHGDCAA98877766554443332221111100000,0-1-H-7-6
HHHHHEDBBA99887665554443332222111100000,3-3-H-2-D
HHHHFCCBAA99877666555433322221111100000,6-5-0-C-1
HHHHGDCBBAA9887766544433332222111100000,B-3-7-1-0
HHHHHEDCBBA9987765554443333222111100000,H-4-C-7-5
HHHHHEDCBBA9987765554443333222111100000,H-4-C-7-5
HHHHFECCBAA9876655444433322221111100000,5-8-C-E-7
HHHHGDCBBA77655554443333222221111100000,3-C-H-2-6
HHHHECCB8866665554443333222221111100000,1-6-1-0-6
HHHHFDDC9977666555444433333222111100000,4-5-0-6-5
HHHHGEEDAA88776555444443332222111100000,1-H-2-4-1
HHHHFFEBB998876665555444333221111100000,B-5-5-3-3
HHHHFFEBB998876665555444333221111100000,B-5-5-3-3
HHHHGGFCAA99877766555433222221111100000,8-H-0-1-0
HHHHHGDBBAA8887766654433333222211100000,D-1-H-3-B
HHHHHCBB9998877765544443333221111100000,B-H-3-3-5
HHHHDCAAA998887655554433222221111100000,A-3-A-2-3
HHHHEDBAA999876666553333222221111100000,2-0-1-5-0
HHHHFECBBAAA987777644443333222211100000,B-1-3-0-3
HHHHFECBBAAA987777644443333222211100000,B-1-3-0-3
HHHHGFDCBBBA988887555544333322111100000,D-0-C-H-3
HHHHGCCCBA99998666655444332222111100000,8-2-1-G-C
HHHHDDCBAAAA777766555443332221111100000,H-1-5-A-2
HHHEEDCBBB88887766554443322221111100000,1-7-B-B-E
HHHFEDC99998776655544333322221111100000,5-D-2-9-3
HHHGFDAAA988776655444333222221111100000,H-1-2-F-2
HHHGFDAAA988776655444333222221111100000,H-1-2-F-2
HHHEBBBA9988776655544433322221111100000,6-0-H-2-4
HHFCCCBAA998876665544433322222111100000,1-3-A-0-2
HHGDDDCBAA99877766555443333222111100000,9-A-1-H-6
HHEEEDCBA988876665544443332221111100000,7-E-4-D-6
HHFFDCBA9997766555444333222221111100000,2-0-2-4-0
HHGGEDCBAAA8877666554443332222211100000,0-1-A-3-5
HHGGEDCBAAA8877666554443332222211100000,0-1-A-3-5
HHHHFEDCBB99887776555443333322111100000,1-5-4-H-B
HHHGFEDCAA99888766544444332221111100000,8-8-G-4-7
HHHGFEDBBAA9776555544333222221111100000,1-H-1-0-H
HHGFECCBBA88766665544433333222111100000,8-H-B-2-3
HHGFDDCB9877776655544443322221111100000,5-5-4-D-6
HHHGEDCA9888876555443333222221111100000,8-G-2-5-5
HHHGEDCA9888876555443333222221111100000,8-G-2-5-5
HHHFEDBA9998765544443333222221111100000,0-3-4-5-4
HHHGFECBAAA9876554443333322222111100000,1-H-H-A-E
HHGDCBBA9876655544444333332221111100000,C-B-3-3-2
HHHECBA98776665555544433222221111100000,8-0-C-3-1
HHHFCBA88777666665554333332222111100000,F-0-2-1-6
HHHDCB998887777666544444333222111100000,0-3-4-2-7
HHHDCB998887777666544444333222111100000,0-3-4-2-7
HHHEDCAA9998887776555544332222111100000,4-3-9-7-1
HHHFEDBBAA99988766665433332221111100000,A-B-6-8-1
HHHGFECBAAA9877765444433322221111100000,0-3-0-3-6
HHHHGFDCBBBA988865555433332222211100000,2-4-G-8-0
HHHHGEDCCCBA997666644443333222111100000,C-E-7-1-9
HHHHHEDDCBA7777555544443332221111100000,0-7-1-2-E
HHHHHEDDCBA7777555544443332221111100000,0-7-1-2-E
HHHHHEEDCB88866665555444332222111100000,6-8-2-0-6
HHHHHFFEDC99776666555443332222111100000,H-9-H-5-2
HHHGGFEDA887777665544433322221111100000,H-2-3-A-0
HHHHGFE99888877665554433322222111100000,6-0-H-0-3
HHHHGFAA9999887666554433333222211100000,4-3-0-H-9
HHHHGBBAAA99877766544443333222111100000,6-6-7-A-3
HHHHGBBAAA99877766544443333222111100000,6-6-7-A-3
HHHHHCCBBAA9886555544433322221111100000,4-5-3-B-3
HHHHHDDCBBA9976665543333222221111100000,4-0-7-H-C
HHHHEECCBAA7776644443333322222111100000,A-0-0-2-H
HHHFFDDCB888775555444443333222211100000,4-0-4-8-4
HHHGGEEDC998866665544443333222111100000,4-0-1-9-D
HHHHHFFDA997777665554444333222111100000,5-9-3-0-1
HHHHHFFDA997777665554444333222111100000,5-9-3-0-1
HHHHHGGEBA88887766555544333222111100000,H-7-2-G-6
HHHHHFCB9999876666554443322221111100000,H-2-1-H-0
HHHGDCAAAA98777766555443332222111100000,C-2-5-8-1
HHHHEBBBBA88887766554443332221111100000,2-7-E-0-1
HHHHCCCCB999987766555444332222111100000,4-9-1-C-H
HHHDDDCAAA98877666554433332221111100000,D-7-0-7-D
HHHDDDCAAA98877666554433332221111100000,D-7-0-7-D
HHHEDBBBA997776655444433322222111100000,H-2-3-B-E
HHECCBAA8887766555544333322221111100000,2-1-3-4-2
HHFDDCBB9998877666654443322221111100000,9-0-1-D-0
HHGEDCCAA998877776555443333222211100000,5-D-3-1-7
HHHFDDBBAA99888766554443333221111100000,1-2-8-5-0
HHHGEECCBBAA998776555444432222111100000,C-4-9-9-G
HHHGEECCBBAA998776555444432222111100000,C-4-9-9-G
HHHFFDCCBB98876665554333322221111100000,6-5-5-1-2
HHHGGEDDCCA9987765444433322221111100000,9-3-1-D-2
HHHHHFEDDBA9887655554433322221111100000,5-1-7-0-0
HHHHHGFEECBA997666554443333222211100000,2-4-5-2-E
HHHHHHGFDCBAA87776554444332221111100000,H-4-D-H-6
HHHHHHGFDCBAA87776554444332221111100000,H-4-D-H-6
HHHHHGDCBB98886655544333222221111100000,2-1-2-5-4
HHHHHGDCBB98886655544333222221111100000,2-1-2-5-4
HHHHHHEDCCA9997766544433322221111100000,1-3-9-2-0
HHHHHHFEDDBAA88776555443332222111100000,0-8-4-1-8
HHHHHHGFEECBB88766654443333222111100000,2-H-8-0-6
HHHHHHGFFDCC987765554444332222111100000,4-0-4-2-0
HHHHHHHGGEDDA98876665544333222211100000,H-A-6-H-H
HHHHHHFEEA99877665544433332221111100000,2-0-2-1-1
HHHHHHFEEA99877665544433332221111100000,2-0-2-1-1
HHHHHHGFFBAA988776655544443222111100000,7-5-4-1-F
HHHHHHHGCBBA998776655543332221111100000,2-B-B-H-2
HHHHHHHDBAA9887766654443222221111100000,3-2-H-H-7
HHHHHECBBA99877765553333222221111100000,8-7-H-H-H
HHFDCCBAA887666444433333222221111100000,3-B-3-C-H
HGEDBB998777555544433333222221111100000,B-H-D-5-2
HGEDBB998777555544433333222221111100000,B-H-D-5-2
HFCAA9888666555444443333222221111100000,6-9-4-5-0
HGDBB9997766555544443333322222111100000,0-2-3-B-1
HHECAAA88776666555544443333222111100000,4-H-0-H-6
FDBBB9988777666655544443332222111100000,0-3-B-6-3
GECCAA998887776665555433332222111100000,E-C-0-4-3
HDBBAA999888777666644433332222111100000,1-1-3-4-4
HDBBAA999888777666644433332222111100000,1-1-3-4-4
HECCBBAAA999888777754443333221111100000,1-B-8-0-3
HFDDCBBBAAA9988886555444332222111100000,F-4-8-A-8
HEEDCCCBBAA9976665544333322221111100000,5-C-9-5-0
HFFEDDCCBBA8777554444333322222111100000,1-0-F-3-4
HGFEEDDCCB98886655544433333222111100000,0-3-4-C-2
HHGFFEEDCA99977666554444332222111100000,G-3-3-2-H
HHGFFEEDCA99977666554444332222111100000,G-3-3-2-H
HGGFFEDBAAA8877766555533322221111100000,G-1-8-0-A
HHGGFECBB988877666644433332222111100000,3-6-1-0-2
HHHHGFDCCA99988777555444333222111100000,D-3-H-7-3
HHHHGDDBAAA9988666555433322221111100000,2-H-9-6-5
HHHHEECBBBA9977665444333222221111100000,1-H-H-H-1
HFFDCCCBAA88776555444333332221111100000,8-0-3-7-5
HFFDCCCBAA88776555444333332221111100000,8-0-3-7-5
HGGEDDDCBB98766555444433322222111100000,0-5-G-0-6
HHFEEEDCCA98766555544433333222211100000,0-0-4-2-F
HHFFFEDDBA98776666554444433322211100000,0-3-F-4-4
HHGGFEECBA98877776655544333222111100000,5-4-2-G-5
HHHGFFDCBA99888877654443322221111100000,4-F-0-0-2
HHHHGEDCBAA9999887655443332222211100000,6-2-0-5-E
HHHHGEDCBAA9999887655443332222211100000,6-2-0-5-E
HHHHHEDCBBAAAA9986554443333222111100000,1-D-H-3-H
HHHFDCCBBBBAA97665554443332221111100000,4-6-D-0-B
HHHGDDCCCBBA876665544433322222111100000,1-H-0-4-0
HHHEEDDDCCB9877766554443333322211100000,1-0-C-2-5
HHHFFEEEDCA9888776555444443322111100000,5-F-8-C-1
HHHGFFFEBA99887665555544332221111100000,H-F-B-F-9
HHHGFFFEBA99887665555544332221111100000,H-F-B-F-9
HHHGFBA99877666665544333222221111100000,H-2-1-3-6
HHHGCBAA9887777665544333322221111100000,3-B-1-3-9
HHHHDBB99888877665544333322221111100000,8-7-1-8-9
HHHHECCA9987766554444333322221111100000,1-A-0-1-9
HHHHFDDA9887766555544443333222111100000,D-H-5-9-1
HHHGEB998877666555544443332221111100000,4-0-9-0-6
HHHGEB998877666555544443332221111100000,4-0-9-0-6
HHHHFCA99887766665554443332222211100000,C-5-2-4-0
HHHHGBAA9988777766554443333222111100000,5-4-1-6-0
HHHHHCBBAA99888876554444333222111100000,H-0-1-1-8
HHHHDCCBBAA9998766555544433322111100000,3-5-6-H-5
HHHEDDCCBBAAA98766555443322221111100000,5-7-1-B-1
HHHFEEDDCBBBA97766554433332221111100000,B-6-A-1-0
HHHFEEDDCBBBA97766554433332221111100000,B-6-A-1-0
HHHGFFEEDCCA887665544443332222111100000,5-0-6-C-4
HHHHGGFFEDB9987655544433332222111100000,4-F-0-5-4
HHHHHHGFECAA987665444433332222111100000,A-0-0-2-2
HHHHHHHGFDBA987765555444433222211100000,1-4-5-3-5
HHHHHHHHGECBA98876655543333221111100000,4-1-H-0-3
HHHHHHHHFDCBA99877666444332222111100000,1-2-4-7-3
HHHHHHHHFDCBA99877666444332222111100000,1-2-4-7-3
HHHHHHHHGEDCBAA987775543332221111100000,A-1-1-0-H
HHHHHHHHFEDCBA9888665444333222111100000,0-8-6-H-H
HHHHHHGFEDCBA99765554443332222111100000,2-H-E-0-D
HHHHHHGDCBAA876665554443332222111100000,2-4-6-7-3
HHHHHHHEDCBB977666554433322221111100000,C-2-H-2-6
HHHHHHFECCA8877665544433222221111100000,4-C-0-H-3
HHHHHHFECCA8877665544433222221111100000,4-C-0-H-3
HHHHHGFDB998877665543333322222111100000,9-0-8-2-2
HHHHHHGECA98877665444443332222111100000,1-0-H-2-H
HHHHHFDBA998877655555444333222111100000,2-5-5-H-1
HHHHGECBAA99887666555444332221111100000,3-H-0-6-1
HHHHFDCBBAA9987766655543332222111100000,B-4-9-8-2
HHHHGEDCBBA8877766644433322221111100000,H-1-4-1-0
HHHHGEDCBBA8877766644433322221111100000,H-1-4-1-0
HHHHFEDCCB99888777554443333222111100000,C-4-9-H-B
HHHGFEDA9998886655444433322221111100000,2-5-6-A-2
HHHHGFEAAA99976555544433222221111100000,H-H-1-0-H
HHGFBBBAAA87666655544333332222111100000,4-A-B-H-G
HGCCBB987777666544444333322221111100000,2-4-1-4-1
HHDDCCA98888777655544443332221111100000,5-1-H-6-0
HHDDCCA98888777655544443332221111100000,5-1-H-6-0
HEEDDBA99998886655554443332222111100000,9-0-8-5-0
HFFEECBAAA99776665554443333222211100000,0-5-4-4-0
HGGFFDCBBBAA887776654444333322211100000,2-G-6-F-3
HHGEDCCCBB99888765555444332221111100000,1-5-B-6-D
HHHFDDDCAA99986665554433322221111100000,D-2-D-6-3
HHHGEDBBAAA9776665544333222221111100000,0-G-1-E-7
HHHGEDBBAAA9776665544333222221111100000,0-G-1-E-7
HHHECCBBBA87776655444333332222111100000,H-3-6-1-7
HHFDDCCCB988766555444433332221111100000,0-3-2-3-8
HHGEEDDDCA98776665555443322222111100000,2-5-G-H-C
HFFEEEBA9887776665544333322221111100000,8-0-0-F-H
GFFFCBA98887776655444433332222211100000,2-8-3-5-G
GGGDCBA99888776555544433332221111100000,D-G-C-7-3
GGGDCBA99888776555544433332221111100000,D-G-C-7-3
HHCBAA999876666555444333222221111100000,0-2-H-4-9
HDCBBAA98777766655444333322222111100000,0-5-6-D-B
HDCBBA988887765554444333332222111100000,7-0-3-8-0
HEDCCBA99987666555544443333222211100000,2-C-0-5-0
HFEDCBAAA987776665555444433322211100000,2-F-5-3-3
HFEDCBBBA988877766655554332221111100000,0-B-8-2-8
HFEDCBBBA988877766655554332221111100000,0-B-8-2-8
HGFEDCCBA988877766665443322222111100000,0-2-F-C-E
HHEDCBA99988877776554433332222111100000,3-9-1-3-0
HHFEDCBAA999888876655443333222111100000,0-6-2-7-3
HHGFEDCBBAAA999976655444332222111100000,0-H-4-2-A
HHGFEDCCBBAAAA8776655443332222111100000,E-A-8-3-6
HHHGEDDCCBBB887665544333322221111100000,2-6-5-3-0
HHHGEDDCCBBB887665544333322221111100000,2-6-5-3-0
HHHHFEEDDCCC998765544433322222111100000,E-1-6-0-E
HHHHGEEDDDAA986655544433333222111100000,3-2-A-A-H
HHHHFFEEEA97766655544443322221111100000,4-9-F-5-E
HHHHGFFB8877766555443333222221111100000,B-1-5-3-F
HHHHHG998887766554443333322221111100000,H-2-3-0-3
HHHHHAA99988776655544433322222111100000,3-A-0-1-3
HHHHHAA99988776655544433322222111100000,3-A-0-1-3
HHHHHBAAA998877666555433333222111100000,B-6-H-2-6
HHHHBBBAA998876665444443322221111100000,0-4-H-4-1
HHHCCCBBAA99877765554433332222111100000,H-2-4-0-5
HHDDDCCBBAA9888766544443332222111100000,0-B-5-4-4
HHEEEDDCBBA9998775544433332222111100000,4-B-2-D-2
HHFFFEDCBAAA988665544443322221111100000,2-H-4-4-6
HHFFFEDCBAAA988665544443322221111100000,2-H-4-4-6
HGGGFEDCBBBA997665544333222221111100000,2-6-9-5-2
HHHHGFEDCCCBA87655444333222221111100000,5-B-D-2-0
HHHHHGFDDDB9876555444333322222111100000,1-1-3-3-2
HHHHHHGEEECA987666555443333221111100000,2-4-5-H-3
HHHHHHFFFDBA987776654443222221111100000,0-H-2-F-F
HHHHHGECBA98887765554333322222111100000,H-H-2-H-H
HHHHHGECBA98887765554333322222111100000,H-H-2-H-H
HHFDCBA99988766654444333322221111100000,0-8-2-3-3
HHGEDCBAAA98777655554433322222111100000,A-1-0-1-0
HHHFEDCBBA98887666655444333332211100000,1-0-H-3-8
HHGFEDCCBA99877776655544443322111100000,7-5-3-4-4
HHHGFEDDCBAA988877665543322221111100000,0-0-0-A-1
HHHHGFEEDCBA999887766544333322221100000,9-4-E-2-6
HHHHGFEEDCBA999887766544333322221100000,9-4-E-2-6
HHHHHGFEDCBAA99887654444333221111100000,0-A-E-H-3
HHHHHGEDCBAA998765555443322222111100000,0-2-H-1-7
HHHHHFEDCBBAA97666655443333222111100000,0-H-7-F-2
HHHHFEDCCBBA777766554444332222111100000,4-2-3-B-4
HHHHGFEDDCB8888776655433322221111100000,5-H-H-6-0
HHHGFEEDC999988765444333322222111100000,H-7-2-9-G
HHHGFEEDC999988765444333322222111100000,H-7-2-9-G
HHGFFEDAAA99765554444333322221111100000,1-A-9-1-F
HHHGFEBBA876665555444433332221111100000,1-5-4-4-5
HHHHGFCCB987776655444433322221111100000,0-5-3-4-3
HHHHHGDDCA98887765554333322222111100000,5-1-3-2-D
HHHHHHEDBA99988766544433332221111100000,4-H-1-0-6
HHHHHFECBAAA998765544443332222111100000,1-0-4-H-2
HHHHHFECBAAA998765544443332222111100000,1-0-4-H-2
HHHHGFDCBBBAA98766555444333222111100000,2-6-3-1-0
HHHHHGEDCCCBBA9876665554433222111100000,H-6-H-C-6
HHHHFEDDCCBA987666554433322221111100000,1-0-C-1-A
HHHHGFEEDCA9877766554443333222111100000,4-7-H-3-3
HHHHGFFEDBA9887766554433322221111100000,F-B-H-0-3
HHHHGFEBA998877665544333322222111100000,6-8-7-0-1
HHHHGFEBA998877665544333322222111100000,6-8-7-0-1
HHHHHGFCBAA9876655444433333222111100000,3-H-G-3-0
HHHHGDCBBA98776655554443332222111100000,3-C-9-1-B
HHHHHECB9887766665554433332221111100000,3-8-6-H-0
HHHHFDCA9887776665544433322222111100000,D-H-0-H-7
HHGDBA998877766555444333332222111100000,7-0-0-0-6
HHHECBAA9988766655544444333322221100000,0-2-H-0-4
HHHECBAA9988766655544444333322221100000,0-2-H-0-4
HHFDCBBAA998777666555544443332211100000,0-7-1-4-4
HHGEDCCBBAA9887776666554443322111100000,5-B-H-6-1
HHFEDDCBBA99888777655544332221111100000,3-7-E-1-D
HHGEDCCBAA99988766655433322221111100000,2-9-0-1-D
HHHFDDCBBAA9987776654443332222111100000,0-8-4-5-1
HHHGEEDCCBBAA88877554443333222111100000,7-C-7-B-3
HHHGEEDCCBBAA88877554443333222111100000,7-C-7-B-3
HHHHFFEDCBB9996655544433322221111100000,H-4-D-3-9
HHHGGFDCCAA7766655443333222221111100000,5-3-1-2-A
HHHHHGEDDB88777655444333322221111100000,H-7-2-0-6
HHHHHFEEC998866555444433322222111100000,0-0-F-C-4
HHHHHFFAA997766655544433333222211100000,0-3-A-5-0
HHHHHGGBAA88777665554444333322211100000,A-0-3-2-H
HHHHHGGBAA88777665554444333322211100000,A-0-3-2-H
HHHHHHCB9988877666555544433222111100000,H-0-9-6-8
HHHHHDCA9988776666555443332222111100000,C-9-1-5-2
HHHHHEBA9988777766554443332221111100000,0-4-1-7-2
HHHHHFCBAA99888776655444332222111100000,7-H-7-0-8
HHHHGDCBBAA9977665554433332222111100000,2-6-0-H-0
HHHHEDCCBBAA887666554444333222211100000,D-4-H-B-C
HHHHEDCCBBAA887666554444333222211100000,D-4-H-B-C
HHHFDCBB9987776655544433332221111100000,1-F-7-5-C
HHHECCAA9887766555444433322221111100000,5-8-2-5-3
HHHFDDBBA988776555544333222221111100000,H-0-H-1-D
HGECCBA99887666655444333332222111100000,4-0-0-0-6
HHFDDCBAA998777665544444333322221100000,F-6-5-0-2
HHEEDCBBAA98887655555444433322111100000,3-A-D-7-2
HHEEDCBBAA98887655555444433322111100000,3-A-D-7-2
HHFFDCCBA999766666555544322221111100000,6-7-0-9-F
HHGEDDCBAA77776666554333322222111100000,H-C-2-4-D
HHFECBB88887777664444333322221111100000,2-H-4-0-F
HFDCC9999888877555444433322222111100000,9-3-F-8-2
HEDDAAA99988666555544333322221111100000,8-1-9-4-1
HFEEBBBAA977766665444433332221111100000,1-2-5-3-4
HFEEBBBAA977766665444433332221111100000,1-2-5-3-4
HGFFCCCBBA88877775554443322221111100000,0-7-2-1-3
HHGGDDDCCB99988866655543332222111100000,2-0-8-C-1
HHHHEEEDCAAA997776665444333222111100000,0-9-E-D-H
HHHFFDBBBA88877765554443332222111100000,F-0-2-8-1
HHHGECCCB998887666555444333222111100000,2-B-1-0-2
HHHHFDDDAA99987776665554443222111100000,7-6-0-5-4
HHHHFDDDAA99987776665554443222111100000,7-6-0-5-4
HHHHGEEEBBAAA98877665543332222111100000,H-A-6-8-2
HHHHFFFCCBBA988766544433322221111100000,H-0-3-7-B
HHHGGGDDCBA9977655544333322222111100000,4-H-4-2-3
HHHHHEEDCBAA887666444333322221111100000,4-4-C-H-E
HHHHFECBB998777544443333222221111100000,F-1-0-3-2
HHHHFDCCAA98886555544433332222111100000,H-C-1-H-H
HHHHFDCCAA98886555544433332222111100000,H-C-1-H-H
HGEDBBA99976666555444433332221111100000,6-G-2-3-E
HECCBAAA8777666555544433222221111100000,6-1-5-1-2
HFDDCBBB9888776665554433332221111100000,F-2-D-3-4
HEDCCCA99988777666544433222221111100000,7-5-0-1-8
HFEDDDBAAA98877755544333332222111100000,0-8-3-8-0
HGFEEECBBBA8886665544443333222211100000,1-6-3-4-E
HGFEEECBBBA8886665544443333222211100000,1-6-3-4-E
HHGFFDCCCB99977665554443333221111100000,5-2-1-0-5
HHHGGEDDDCAAA88776555444432222111100000,1-1-C-5-2
HHHHHFEEEBBB998876655554333221111100000,4-3-1-B-1
HHHHHGFFFCCAA99877666644332221111100000,1-9-4-3-H
HHHHHGGGDDBBA98877775433322221111100000,7-4-D-A-1
HHHHHHHHECCA998886444333322221111100000,8-H-3-8-E
HHHHHHHHECCA998886444333322221111100000,8-H-3-8-E
HHHHHHHDDBAA975554443333222221111100000,5-B-1-2-3
HHHHHHHEEBBA866555444333322221111100000,2-4-0-H-5
HHHHHHFFCCB9776655444433322222111100000,1-5-1-6-3
HHHHHHGGDDCA887655554433333221111100000,H-0-1-5-H
HHHHHHEEDB99876665544444332222111100000,9-H-4-0-5
HHHHHFFECA98777655554433332222111100000,0-3-9-0-F
HHHHHFFECA98777655554433332222111100000,0-3-9-0-F
HHHHHGFDB988876666554443333222211100000,2-6-G-3-H
HHHHGECA9998777665554443332221111100000,1-5-3-3-1
HHHHHFDBAAA9888776655543332221111100000,2-H-3-0-0
HHHHGECBBBA9998877666544332222211100000,3-5-0-B-7
HHHHHFDCCBAAA99877755433333222111100000,C-D-7-0-H
HHHHGDCBBBAA988665444443332222111100000,4-H-D-B-0
HHHHGDCBBBAA988665444443332222111100000,4-H-D-B-0
HHHHDCCBBA99776555544433332222111100000,D-2-C-1-6
HHHHDCCBAA88666655544443332221111100000,3-H-2-A-2
HHHEDDCB9977776665555443222221111100000,0-H-4-6-2
HHFEEDCAA888877666654333322222111100000,6-2-1-0-0
HHGFFEDBB999988777654444333322211100000,3-2-B-3-H
HHGGFECAAAA9988876555544332221111100000,E-3-5-G-1
HHGGFECAAAA9988876555544332221111100000,E-3-5-G-1
HHHGDBBBBAA9998766655433322221111100000,B-0-H-7-B
HHHECCBBAAA9777665444333322222111100000,3-2-C-2-1
HHHFDCCBBBA8887765554443332221111100000,1-4-H-D-8
HHGDDCCCB998876665544433322221111100000,D-6-9-C-1
HHHEDDCA9987766555444333322221111100000,0-2-0-3-5
HHHFEEDBAA98877665554443332222211100000,E-8-0-5-4
HHHFEEDBAA98877665554443332222211100000,E-8-0-5-4
HHHGFECBBA98877665544433333222111100000,B-0-3-6-3
HHHHGFDCBA99887665554443332222111100000,1-6-0-0-H
HHHHGEDCBAA9987666555444333322211100000,8-G-H-4-1
HHHFEDCBBAA8777666554444333221111100000,3-H-1-E-1
HHGEDCCBB988877766555544332221111100000,5-1-6-5-8
HHHFEDDCCA99888766554433322221111100000,F-1-4-9-4
HHHFEDDCCA99888766554433322221111100000,F-1-4-9-4
HHHFEEDDBA99987766444333322221111100000,D-4-A-2-1
HHHGFFECAAA9887755444433322221111100000,8-1-4-0-2
HHHHGGFDBBBA988665554443332222111100000,A-0-1-1-F
HHHHHHECCCA9977666555444333322111100000,H-H-9-5-5
HHHHFDDDBA88777655544443322221111100000,7-H-7-A-4
HHHGEEEC9987666555443333222221111100000,C-9-1-1-1
HHHGEEEC9987666555443333222221111100000,C-9-1-1-1
HHHHFFFA9877766655444433333221111100000,3-8-3-7-H
HHHGGGBA8877766555544433222221111100000,0-4-0-0-A
HHHHHHC99888776666554433333222221100000,3-8-H-7-C
HHHHHAA99877776655444433333221111100000,H-0-9-H-2
HHHBBA988887766555544444322222111100000,0-3-5-H-H
HCCBA9999887766655555333332222111100000,2-7-3-9-3
HCCBA9999887766655555333332222111100000,2-7-3-9-3
HDDCBAAA9987776666644433322221111100000,7-1-9-D-3
HEDCBBBA9887777755544333322221111100000,3-1-0-0-5
HFEDCCCBA998888866554443333222211100000,9-8-5-1-0
HGFEDDDCBA99997765554444333322111100000,2-0-3-H-D
HGFEEDCBAAAA887666555544432222111100000,2-4-A-6-A
HHGFFEDCBB99877666655433322221111100000,3-6-F-C-0
HHGFFEDCBB99877666655433322221111100000,3-6-F-C-0
HHHGFECCAA98877766544333322222111100000,0-2-C-3-0
HHHHGFDBBA99888776554443333222211100000,B-0-3-B-0
HHHHHGEBAA99988766555444333322211100000,9-0-0-4-3
HHHHHHFCBBAA998776665544433322211100000,4-6-B-0-6
HHHHHHGDCBBAA98876655444333222111100000,3-3-1-B-0
HHHHHHHEDCBBA99877665554333222111100000,E-3-8-2-7
HHHHHHHEDCBBA99877665554333222111100000,E-3-8-2-7
HHHHHHHEDCCBAA8776665443322221111100000,H-0-H-1-1
HHHHHFEDDCBB988777655443333222111100000,2-1-H-6-D
HHHHGFEDCCA9988866554444332221111100000,2-H-1-8-C
HHHHGFEDBAA9977665555443322221111100000,6-2-5-0-1
HHHHHGFECBBAA88766655443332222111100000,3-E-6-H-H
HHHHGDCCBB99877665544333322221111100000,2-3-7-B-8
HHHHGDCCBB99877665544333322221111100000,2-3-7-B-8
HHHHHEDDCAA8776655444333222221111100000,6-H-2-8-0
HHHHFEEDBB88766555444333322222111100000,1-B-2-1-4
HHHHGFFEC998776665544443333221111100000,3-1-F-G-4
HHHHGFDAA988777665554443322221111100000,8-5-7-2-0
HHHHHGEBBA98877665554433322222111100000,H-1-6-3-6
HHHHHFCCBA99886665544333332221111100000,0-H-1-6-1
HHHHHFCCBA99886665544333332221111100000,0-H-1-6-1
HHHHGDDCBAA9977665544444333222111100000,A-4-0-H-7
HHHHEEDCBAA8776655554443332222111100000,3-4-1-0-7
HHHHFFEDCBB9877666655443333222111100000,0-B-H-3-0
HHHGGFEDCA98877776655444333222211100000,A-4-9-2-0
HHHHHGFED998888776655444333222111100000,H-8-H-2-1
HHHHGFEAA999887766555444332221111100000,8-3-1-8-5
HHHHGFEAA999887766555444332221111100000,8-3-1-8-5
HHHHHGFBBAAA887766555433322221111100000,2-7-2-8-3
HHHHHHGCCBBB987766654433222221111100000,1-H-4-0-7
HHHHHHDDCCCA987776544333332222111100000,D-C-0-4-9
HHHHHHEDDB98887654444433332222111100000,H-3-D-4-1
HHHHHFECA999876555544433332221111100000,9-8-0-H-2
HHHHGFDBAA87666655544443322222111100000,4-7-B-2-0
HHHHGFDBAA87666655544443322222111100000,4-7-B-2-0
HHHHHGEBB977776665554433332222111100000,1-9-H-1-0
HHHHHFCC8888777666554444333322111100000,F-0-C-1-C
HHHHH9999888777665555444433222111100000,0-1-1-1-9
HHHHHAAA9998887766665555443332111100000,3-5-A-8-1
HHHHHBBAAA99887777666554432221111100000,0-4-1-7-5
HHHHHCCBBBAA998887776543332222111100000,0-C-A-B-1
HHHHHCCBBBAA998887776543332222111100000,0-C-A-B-1
HHHHHDCCBAA9998887654443333222111100000,A-1-C-H-A
HHHHEDCAAA99987655544443332221111100000,H-3-0-H-C
HHFEBBBAAA98766655554433322222111100000,4-A-B-5-E
HHGCCBBA9877766654443333322221111100000,B-1-1-2-H
HHDDCBA98887776555444443332221111100000,1-0-4-4-2
HHEEDCBA9998887666555444332222111100000,3-9-0-4-9
HHEEDCBA9998887666555444332222111100000,3-9-0-4-9
HHFFEDCBA999877766655433332222111100000,3-9-3-2-A
HHGGFEDCAA98887776654433322221111100000,8-D-0-8-C
HHHHGFBBA988877655444333322222111100000,1-2-0-A-2
HHHHHGCCA999887665554444333222111100000,7-9-0-3-5
HHHHHHDDBAA9977665555443332222111100000,0-3-5-H-0
HHHHHEECBBAA887766655443333222211100000,7-0-4-H-3
HHHHHEECBBAA887766655443333222211100000,7-0-4-H-3
HHHHFFDCCBB9987776654443333222111100000,3-2-0-3-C
HHHHGGEDCCAA988877655544332222111100000,H-3-H-8-7
HHHHFEDDBBA9987666554333322221111100000,1-2-5-4-H
HHHGFEECCBAA987776444433322221111100000,7-4-H-9-0
HHHGFFDDCBB9887555444333322222111100000,C-1-5-1-0
HHHHGGEECCA9986655544443333322111100000,0-0-9-C-3
HHHHGGEECCA9986655544443333322111100000,0-0-9-C-3
HHHHHHFFDBA9776665555444433222211100000,H-6-2-2-D
HHHHHGGCBA88776666555544332221111100000,6-5-G-0-B
HHHHHHDB9988777666554433322222111100000,H-1-1-6-9
HHHHHECA9988877665544433333221111100000,8-0-1-9-1
HHHHHFDBA998877665554444433222111100000,1-0-H-1-4
HHHHGECBAA99887766655554433322111100000,0-0-8-7-9
HHHHGECBAA99887766655554433322111100000,0-0-8-7-9
HHHHHFDCBBA9877766665544433222211100000,8-B-4-9-H
HHHHGEDCB888777766554433332221111100000,1-D-4-E-0
HHHHHDC99988887766544443332222111100000,0-6-0-4-4
HHHHHEDAAA99998876554443333222211100000,3-4-H-H-9
HHHFEBBBAAA9987665544433332221111100000,1-3-E-0-4
HHHGCCCBBBAA987766554443332222111100000,0-0-C-6-H
HHHGCCCBBBAA987766554443332222111100000,0-0-C-6-H
HHHDDCCCBBA9887665554443333222211100000,4-6-0-8-1
HHHEEDDDCCBA987666554444333322111100000,E-2-1-3-6
HHHFEEEDDCBA987766555544432221111100000,A-1-6-1-5
HHHGFFFEEDCA988766655543332221111100000,2-1-0-3-1
HHHHGGGFFEDBA99877766654433222111100000,H-F-E-F-3
HHHHHHECBAA9888777655433322221111100000,1-H-B-6-H
HHHHHHECBAA9888777655433322221111100000,1-H-B-6-H
HHHHFDBBA999888665444333322221111100000,1-5-F-3-0
HHHHECCBAAA9997755544433332222111100000,B-1-5-2-0
HHHHFDDBBBAAA88665554444333222111100000,B-0-A-F-1
HHHHEECCBB99776665555444333222111100000,6-E-7-0-H
HHHFDDCCAA87766665554443332222111100000,0-3-2-0-3
HHHGEEDDBB98877776665554333222211100000,G-1-3-E-D
HHHGEEDDBB98877776665554333222211100000,G-1-3-E-D
HHHFECCA9988887776665443333221111100000,0-6-C-A-0
HHHGFDAA9999888776554444332222211100000,F-4-0-5-H
HHHEBBAAAA99988765554433333222111100000,1-0-1-2-3
HHHFCCBBBBAAA99876665544443322111100000,B-A-C-0-A
HHHGDCCCBAA9877766555544332222111100000,B-5-0-0-H
HHHEDDDBBA98887766655443333222211100000,H-2-6-2-8
HHHEDDDBBA98887766655443333222211100000,H-2-6-2-8
HHFEEECCBA99887766554444332221111100000,0-1-B-3-4
HHGFFFDDBAA9988776655543332222111100000,F-2-0-A-4
HHHGGEECBAA9988776664443332222111100000,E-3-0-8-A
HHHHHFDCBAA9887775554433332222111100000,7-0-5-C-1
HHHHHGECBBA9988665544443333222111100000,2-2-1-5-9
HHHHHHFDCCBA997765555444432221111100000,4-1-2-C-H
HHHHHHFDCCBA997765555444432221111100000,4-1-2-C-H
HHHHHGEDCBAA887666655543322221111100000,5-C-8-0-6
HHHHHHFECBB9877766544333322222111100000,0-1-C-7-0
HHHHHHGFCCA9887765544443333322211100000,0-6-H-5-4
HHHHHHGDDBA9988655544444333222111100000,A-B-D-0-9
HHHHHHHEA997666555554443332222111100000,9-6-4-3-0
HHHHHHHFBA87766666554433332222111100000,H-4-1-2-0
HHHHHHHFBA87766666554433332222111100000,H-4-1-2-0
HHHHHHGCB988777776654444333222111100000,7-1-C-H-1
HHHHHHCA9988887765555444333221111100000,2-H-4-5-0
HHHHHDBAA999988766655444322222111100000,H-H-H-D-9
HHCBBAAA9987776655543333322221111100000,2-5-1-6-8
HHDCCBBBAA88876654444433322221111100000,2-8-4-0-4
HHEDDCCCBB99877655544433322222111100000,5-0-H-5-4
HHEDDCCCBB99877655544433322222111100000,5-0-H-5-4
HFEEDDDCCAA9887655444333332222111100000,0-8-H-C-D
GFFEEDBBA987665554444433332222111100000,3-F-3-1-0
HGFFECCBA987766655555443333222111100000,7-3-3-5-6
HHGGFDDCBA98776666554433322221111100000,3-0-D-1-6
HHHHGEDCBA98877766554433332222111100000,H-H-2-2-7
HHHFEDCBA998877665544443322221111100000,0-0-2-9-8
HHHFEDCBA998877665544443322221111100000,0-0-2-9-8
HHHGFEDCBA98877665555443332222211100000,A-0-E-2-5
HHHHGEDCA998877666554443333222111100000,3-3-0-4-8
HHHHHFEDBAA9887776655443332222111100000,H-0-2-7-0
HHHHGFECBBA9988776655444333222211100000,4-3-5-H-3
HHHHGFDCCBAA998877655433332221111100000,4-H-9-A-8
HHHHGEDDCBA9887664444333222221111100000,E-3-1-H-7
HHHHGEDDCBA9887664444333222221111100000,E-3-1-H-7
HHHHEEDCBA99775555443333322221111100000,1-3-1-0-1
HHHHFFEDCBAA886666554444333322111100000,D-H-H-2-4
HHGGFDCBB997777665554444322221111100000,0-1-5-3-0
HHHHGEDCCAA8888776655553333222211100000,1-0-2-8-A
HHHHHFEDDB99988776666444433322111100000,2-4-F-0-1
HHHHHFEECAAA998877775554443222111100000,0-2-7-0-5
HHHHHFEECAAA998877775554443222111100000,0-2-7-0-5
HHHHHGFFDBBBAA9988866555433222211100000,9-5-8-F-1
HHHHHHGECCCBBA9977665443333221111100000,H-7-0-C-H
HHHHHFDDCCBAA87765544443322222111100000,4-F-0-0-C
HHHHHEEDCBB9887665554433333222211100000,2-H-0-H-6
HHHFFEDCCA99876665544444333222111100000,9-A-2-5-0
HHHGGFEDDA98777655555444332222111100000,G-H-2-D-5
HHHGGFEDDA98777655555444332222111100000,G-H-2-D-5
HHHGFEBA9888766665554433322221111100000,4-9-6-1-3
HHHHGFCB9998777666544333322221111100000,B-8-H-1-6
HHHHGDAAA888776554444333322221111100000,A-A-3-H-0
HHHHEB999887665555444333322222111100000,B-3-9-4-1
HHHHFAA99877666655444333332221111100000,1-6-4-6-4
HHHHGBBAA988776654444433322221111100000,1-0-A-3-4
HHHHGBBAA988776654444433322221111100000,1-0-A-3-4
HHHHHCCBA998877655554433332222111100000,4-7-H-9-4
HHHHDDCBA998766664444333322221111100000,6-B-C-3-3
HHHHEEBAA987775555443333222221111100000,A-H-3-4-0
HHHFFCBA9888666654443333322222111100000,C-5-4-1-H
HHGGCBA99977775544444333332221111100000,9-1-4-5-4
HHHHDCBAA888865554444433322221111100000,D-H-8-2-6
HHHHDCBAA888865554444433322221111100000,D-H-8-2-6
HHHDCBB99966655555444333222221111100000,H-D-0-0-2
HHHDCBB99966655555444333222221111100000,H-D-0-0-2
HHDCCAAA7776666655544433332222211100000,6-3-6-3-1
HHEDDBBB8887776665554433333221111100000,3-6-2-8-B
HHFEECC99888776665544443222221111100000,1-4-0-6-4
HHGFFDDAA999887766554333332222111100000,3-3-2-0-7
HHHGGEEBBAAA998776654443332222111100000,3-1-A-H-G
HHHGGEEBBAAA998776654443332222111100000,3-1-A-H-G
HHHFFCCBBAA9887765554433332221111100000,F-4-0-3-A
HHHGDDCCBA99887666544433322222111100000,H-C-2-A-3
HHHEEDCAA998777655544333322221111100000,1-7-E-H-2
HHFEDBBAA988766655444433322221111100000,9-8-2-5-B
HHGFECBB9877765555444333222221111100000,8-2-9-1-5
HHHGFDCC8887666555444333322221111100000,H-6-H-1-0
HHHGFDCC8887666555444333322221111100000,H-6-H-1-0
HHGEDD999877666555444433332222111100000,6-8-2-1-1
HHHFEEAAA887766655554444333221111100000,2-4-1-A-H
HHGFFBB99887776666555444322221111100000,2-1-0-1-1
HHHGGCCAA998887777666555433322111100000,1-0-3-3-1
HHHHHDDBBAA9998888777666543322111100000,5-3-9-6-0
HHHHHEECCBBAA99998887754332222111100000,9-3-H-H-2
HHHHHEECCBBAA99998887754332222111100000,9-3-H-H-2
HHHFFDDCCBBAAA9998865433322221111100000,2-5-0-0-F
HHHGEEDDCCBBBAAA99754443332222211100000,7-A-2-B-2
HHHHFFEEDDCCBBAA65554443332221111100000,2-H-B-C-0
HHHGGFFEEDCBB76665554443322222111100000,3-1-0-G-0
HHHHGGFFEDCC877766655543333322211100000,0-1-5-3-1
HHHHHHGGFEDD988877766544443332111100000,0-H-4-F-2
HHHHHHGGFEDD988877766544443332111100000,0-H-4-F-2
HHHHHHHFEEA9998887765554442222111100000,1-H-9-0-5
HHHHHHGFFBAA999887665553333222111100000,H-F-H-7-9
HHHHHGCBBAA9977666444433322221111100000,2-2-4-7-0
HHHHHHDCCBBAA87775554443322222111100000,5-2-C-B-1
HHHHHHEDCBB9888665554433332221111100000,1-8-1-D-6
HHHHHHFDCCA9976665444433322222111100000,2-9-2-0-0
HHHHHHFDCCA9976665444433322222111100000,2-9-2-0-0
HHHHHHGEDDBA877765555444333222211100000,0-H-2-0-1
